abi_mode,abi_delay,Totcell,o2_eq,test_eq,Tpos_eq,Tpro_eq,Tneg_eq,TTE_Tpro,TTP_9000
AT_nn,0,1000,0.9969494388002867,5.63e-322,0.0,0.0,9908.699896817398,11.625,12.375
AT_nn,0,2000,0.957446983098072,0.7446937798180039,977.9028207455193,6822.391257101559,1481.5883050341877,inf,9.375
AT_nn,0,4000,0.95681265290667,0.7675961798164465,898.808436038859,7026.364578885025,1346.8380636531806,inf,8.0
AT_nn,100,1000,0.9969494388002867,5.63e-322,0.0,0.0,9908.699896817398,11.625,12.375
AT_nn,100,2000,0.957446983098072,0.7446937798180039,977.9028207455193,6822.391257101559,1481.5883050341877,inf,9.375
AT_nn,100,4000,0.95681265290667,0.7675961798164465,898.808436038859,7026.364578885025,1346.8380636531806,inf,8.0
AT_nn,200,1000,0.9969494388002867,5.63e-322,0.0,0.0,9908.699896817398,11.625,12.375
AT_nn,200,2000,0.957446983098072,0.7446937798180039,977.9028207455193,6822.391257101559,1481.5883050341877,inf,9.375
AT_nn,200,4000,0.95681265290667,0.7675961798164465,898.808436038859,7026.364578885025,1346.8380636531806,inf,8.0
