abi_mode,abi_delay,Totcell,o2_eq,test_eq,Tpos_eq,Tpro_eq,Tneg_eq,TTE_Tpro,TTP_9000
AT_nn,0,1000,0.9969494388002867,5.63e-322,0.0,0.0,9908.699896817398,11.625,12.375
AT_nn,0,2000,0.9724306427473128,0.4673432251528338,565.9171764886819,4279.3958008408445,4672.180412888023,inf,9.375
AT_nn,0,4000,0.967045825031122,0.5755354082999742,641.017668972857,5266.943749617511,3524.466882803363,inf,8.0
AT_nn,100,1000,0.9969494388002867,5.63e-322,0.0,0.0,9908.699896817398,11.625,12.375
AT_nn,100,2000,0.9724306427473128,0.4673432251528338,565.9171764886819,4279.3958008408445,4672.180412888023,inf,9.375
AT_nn,100,4000,0.9674037190020354,0.5687866915589685,632.2043495776346,5205.127082859599,3600.739984077204,inf,8.0
AT_nn,200,1000,0.9969494388002867,5.63e-322,0.0,0.0,9908.699896817398,11.625,12.375
AT_nn,200,2000,0.9724306427473128,0.4673432251528338,565.9171764886819,4279.3958008408445,4672.180412888023,inf,9.375
AT_nn,200,4000,0.9684552763747428,0.5489577827854739,606.4141079546363,5023.502263068062,3824.735912852277,inf,8.0
