abi_mode,abi_delay,Totcell,o2_eq,test_eq,Tpos_eq,Tpro_eq,Tneg_eq,TTE_Tpro,TTP_9000
AT_nn,0,1000,0.99694941793575,6.13e-322,0.0,0.0,9908.699898429544,1.9583333333333333,8.458333333333334
AT_nn,0,2000,0.9969495206945426,6.13e-322,0.0,0.0,9908.699890489695,1.7083333333333333,7.375
AT_nn,0,4000,0.9969497028113457,6.13e-322,0.0,0.0,9908.699876418072,1.375,6.208333333333333
AT_nn,100,1000,0.99694941793575,6.13e-322,0.0,0.0,9908.699898429544,1.9583333333333333,8.458333333333334
AT_nn,100,2000,0.9969495206945426,6.13e-322,0.0,0.0,9908.699890489695,1.7083333333333333,7.375
AT_nn,100,4000,0.9969497028113457,6.13e-322,0.0,0.0,9908.699876418072,1.375,6.208333333333333
AT_nn,200,1000,0.99694941793575,6.13e-322,0.0,0.0,9908.699898429544,1.9583333333333333,8.458333333333334
AT_nn,200,2000,0.9969495206945426,6.13e-322,0.0,0.0,9908.699890489695,1.7083333333333333,7.375
AT_nn,200,4000,0.9969497028113457,6.13e-322,0.0,0.0,9908.699876418072,1.375,6.208333333333333
