abi_mode,abi_delay,Totcell,o2_eq,test_eq,Tpos_eq,Tpro_eq,Tneg_eq,TTE_Tpro,TTP_9000
AT_nn,0,1000,0.956191333353962,0.7102252335629007,1028.3879978661723,6511.8332921139445,2009.916569489843,inf,10.541666666666666
AT_nn,0,2000,0.9556352806913766,0.7314179124769409,943.3984872295099,6699.963492468616,1901.7541844483846,inf,8.958333333333334
AT_nn,0,4000,0.9543574240119216,0.7647080867582315,880.9864429585539,6999.24145158578,1653.3633817176724,inf,7.208333333333333
AT_nn,100,1000,0.956191333353962,0.7102252335629007,1028.3879978661723,6511.8332921139445,2009.916569489843,inf,10.541666666666666
AT_nn,100,2000,0.9556352806913766,0.7314179124769409,943.3984872295099,6699.963492468616,1901.7541844483846,inf,8.958333333333334
AT_nn,100,4000,0.9543574240119216,0.7647080867582315,880.9864429585539,6999.24145158578,1653.3633817176724,inf,7.208333333333333
AT_nn,200,1000,0.956191333353962,0.7102252335629007,1028.3879978661723,6511.8332921139445,2009.916569489843,inf,10.541666666666666
AT_nn,200,2000,0.9556352806913766,0.7314179124769409,943.3984872295099,6699.963492468616,1901.7541844483846,inf,8.958333333333334
AT_nn,200,4000,0.9543574240119216,0.7647080867582315,880.9864429585539,6999.24145158578,1653.3633817176724,inf,7.208333333333333
