abi_mode,abi_delay,Totcell,o2_eq,test_eq,Tpos_eq,Tpro_eq,Tneg_eq,TTE_Tpro,TTP_9000
AT_nn,0,1000,0.9967586646149631,5.93e-322,0.0,0.0,9927.05153076754,2.6666666666666665,8.458333333333334
AT_nn,0,2000,0.9967586636329476,3.3e-322,0.0,0.0,9927.051530813056,2.625,7.416666666666667
AT_nn,0,4000,0.9967586636359288,4.8e-322,0.0,0.0,9927.051530812909,2.6666666666666665,6.333333333333333
AT_nn,100,1000,0.9967586646149631,5.93e-322,0.0,0.0,9927.05153076754,2.6666666666666665,8.458333333333334
AT_nn,100,2000,0.9967586636329476,3.3e-322,0.0,0.0,9927.051530813056,2.625,7.416666666666667
AT_nn,100,4000,0.9967586636359288,4.8e-322,0.0,0.0,9927.051530812909,2.6666666666666665,6.333333333333333
AT_nn,200,1000,0.9967586646149631,5.93e-322,0.0,0.0,9927.05153076754,2.6666666666666665,8.458333333333334
AT_nn,200,2000,0.9967586636329476,3.3e-322,0.0,0.0,9927.051530813056,2.625,7.416666666666667
AT_nn,200,4000,0.9967586636359288,4.8e-322,0.0,0.0,9927.051530812909,2.6666666666666665,6.333333333333333
