r_Tneg,o2_eq,Tneg_eq
0.00201,0.8535887943037983,97.6777895437652
0.00206,0.8340446491822758,164.67645743608912
0.00218,0.7886092536187737,312.93605538823897
