abi_mode,Totcell,o2_eq,test_eq,Tpos_eq,Tpro_eq,Tneg_eq,TTE_Tpro,TTP_9000
SOC,1000,0.9967584133429704,5.43e-322,0.0,0.0,9927.051542412779,2.875,10.333333333333334
SOC,2000,0.9967586816439992,6.03e-322,0.0,0.0,9927.051529978324,2.7916666666666665,9.291666666666666
SOC,4000,0.99675856282135,5.9e-322,0.0,0.0,9927.051535485185,2.75,8.291666666666666
