abi_mode,Totcell,o2_eq,test_eq,Tpos_eq,Tpro_eq,Tneg_eq,TTE_Tpro,TTP_9000
SOC,1000,0.9967586007169646,6e-322,0.0,0.0,9927.051533728913,0.041666666666666664,8.416666666666666
SOC,2000,0.996758681982206,6.13e-322,0.0,0.0,9927.051529962653,0.041666666666666664,7.333333333333333
SOC,4000,0.9967586646871514,6.13e-322,0.0,0.0,9927.051530764198,0.041666666666666664,6.166666666666667
