r_Tneg,o2_eq,Tneg_eq
0.00201,0.8060615285671354,260.4603960097482
0.00206,0.7946729135469285,296.1305806171212
0.00218,0.7699392810934081,373.5309079518412
