r_Tneg,o2_eq,Tneg_eq
0.00201,0.8402070230789559,144.39997975753127
0.00206,0.83377403244561,165.18632550764255
0.00218,0.8195437334009322,211.18231537169254
