abi_mode,abi_delay,Totcell,o2_eq,test_eq,Tpos_eq,Tpro_eq,Tneg_eq,TTE_Tpro,TTP_9000
AT_nn,0,1000,0.9585825251472502,0.7136062386864535,1033.7816603275933,6542.790892018194,1723.0260737507647,inf,10.291666666666666
AT_nn,0,2000,0.95662743047544,0.7612258197034294,988.4727470828557,6973.207406226194,1307.4302697287862,inf,9.041666666666666
AT_nn,0,4000,0.9580488722229136,0.7458318406002608,855.4113972704251,6826.256007291957,1609.6245910119019,inf,7.541666666666667
AT_nn,100,1000,0.9585825251472502,0.7136062386864535,1033.7816603275933,6542.790892018194,1723.0260737507647,inf,10.291666666666666
AT_nn,100,2000,0.95662743047544,0.7612258197034294,988.4727470828557,6973.207406226194,1307.4302697287862,inf,9.041666666666666
AT_nn,100,4000,0.9580488722229136,0.7458318406002608,855.4113972704251,6826.256007291957,1609.6245910119019,inf,7.541666666666667
AT_nn,200,1000,0.9585825251472502,0.7136062386864535,1033.7816603275933,6542.790892018194,1723.0260737507647,inf,10.291666666666666
AT_nn,200,2000,0.95662743047544,0.7612258197034294,988.4727470828557,6973.207406226194,1307.4302697287862,inf,9.041666666666666
AT_nn,200,4000,0.9580488722229136,0.7458318406002608,855.4113972704251,6826.256007291957,1609.6245910119019,inf,7.541666666666667
