abi_mode,abi_delay,Totcell,o2_eq,test_eq,Tpos_eq,Tpro_eq,Tneg_eq,TTE_Tpro,TTP_9000
AT_nn,0,1000,0.9969495260532556,6.1e-322,0.0,0.0,9908.699890075648,8.041666666666666,9.166666666666666
AT_nn,0,2000,0.9715676927060788,0.2461590590184656,2637.087620146689,2378.4222041779235,4488.429455940981,inf,7.458333333333333
AT_nn,0,4000,0.9704781079944672,0.2722751641698143,2615.8698344768923,2614.735937006048,4256.075784145361,inf,5.875
AT_nn,100,1000,0.9969495260532556,6.1e-322,0.0,0.0,9908.699890075648,8.041666666666666,9.166666666666666
AT_nn,100,2000,0.9715676927060788,0.2461590590184656,2637.087620146689,2378.4222041779235,4488.429455940981,inf,7.458333333333333
AT_nn,100,4000,0.9704781079944672,0.2722751641698143,2615.8698344768923,2614.735937006048,4256.075784145361,inf,5.875
AT_nn,200,1000,0.9969495260532556,6.1e-322,0.0,0.0,9908.699890075648,8.041666666666666,9.166666666666666
AT_nn,200,2000,0.9715676927060788,0.2461590590184656,2637.087620146689,2378.4222041779235,4488.429455940981,inf,7.458333333333333
AT_nn,200,4000,0.9704781079944672,0.2722751641698143,2615.8698344768923,2614.735937006048,4256.075784145361,inf,5.875
