abi_mode,abi_delay,Totcell,o2_eq,test_eq,Tpos_eq,Tpro_eq,Tneg_eq,TTE_Tpro,TTP_9000
AT_nn,0,1000,0.9969495260532556,6.1e-322,0.0,0.0,9908.699890075648,8.041666666666666,9.166666666666666
AT_nn,0,2000,0.9649773515731841,0.3033569111976262,3378.3234779343647,2937.7943609671142,3083.6656430131184,inf,7.458333333333333
AT_nn,0,4000,0.9583402709419704,0.3837310755010872,3927.3680189087404,3697.5940693104144,1670.4747528775886,inf,5.875
AT_nn,100,1000,0.9969495260532556,6.1e-322,0.0,0.0,9908.699890075648,8.041666666666666,9.166666666666666
AT_nn,100,2000,0.9649773515731841,0.3033569111976262,3378.3234779343647,2937.7943609671142,3083.6656430131184,inf,7.458333333333333
AT_nn,100,4000,0.9583402709419704,0.3837310755010872,3927.3680189087404,3697.5940693104144,1670.4747528775886,inf,5.875
AT_nn,200,1000,0.9969495260532556,6.1e-322,0.0,0.0,9908.699890075648,8.041666666666666,9.166666666666666
AT_nn,200,2000,0.9649773515731841,0.3033569111976262,3378.3234779343647,2937.7943609671142,3083.6656430131184,inf,7.458333333333333
AT_nn,200,4000,0.9583402709419704,0.3837310755010872,3927.3680189087404,3697.5940693104144,1670.4747528775886,inf,5.875
