abi_mode,Totcell,o2_eq,test_eq,Tpos_eq,Tpro_eq,Tneg_eq,TTE_Tpro,TTP_9000
SOC,1000,0.9964229633757159,5.53e-322,0.0,0.0,9959.330658105906,0.9166666666666666,10.25
SOC,2000,0.9964229617005316,6.1e-322,0.0,0.0,9959.330658105906,0.8333333333333334,9.208333333333334
SOC,4000,0.9964229606046028,5.9e-322,0.0,0.0,9959.330658105906,0.75,8.166666666666666
