abi_mode,Totcell,o2_eq,test_eq,Tpos_eq,Tpro_eq,Tneg_eq,TTE_Tpro,TTP_9000
SOC,1000,0.9964229625468451,4.4e-322,0.0,0.0,9959.330658105906,0.041666666666666664,8.416666666666666
SOC,2000,0.9964229594407066,5.34e-322,0.0,0.0,9959.330658105906,0.041666666666666664,7.333333333333333
SOC,4000,0.9964229621179218,5.93e-322,0.0,0.0,9959.330658105906,0.041666666666666664,6.166666666666667
