abi_mode,Totcell,o2_eq,test_eq,Tpos_eq,Tpro_eq,Tneg_eq,TTE_Tpro,TTP_9000
SOC,1000,0.9969494389353571,6.13e-322,0.0,0.0,9908.699896806964,2.3333333333333335,10.291666666666666
SOC,2000,0.9969494795240136,6.13e-322,0.0,0.0,9908.699893670795,2.0833333333333335,9.25
SOC,4000,0.9969495206339246,5e-322,0.0,0.0,9908.69989049437,1.7916666666666667,8.166666666666666
