abi_mode,Totcell,o2_eq,test_eq,Tpos_eq,Tpro_eq,Tneg_eq,TTE_Tpro,TTP_9000
SOC,1000,0.9969493487453456,6.1e-322,0.0,0.0,9908.699903775678,0.041666666666666664,8.416666666666666
SOC,2000,0.9969497748871089,6.13e-322,0.0,0.0,9908.699870849008,0.041666666666666664,7.333333333333333
SOC,4000,0.9969494795196988,5.93e-322,0.0,0.0,9908.699893671152,0.041666666666666664,6.166666666666667
