abi_mode,Totcell,o2_eq,test_eq,Tpos_eq,Tpro_eq,Tneg_eq,TTE_Tpro,TTP_9000
SOC,1000,0.9964229617174628,6.13e-322,0.0,0.0,9959.330658105906,3.2083333333333335,10.333333333333334
SOC,2000,0.9964229621439644,3.5e-322,0.0,0.0,9959.330658105906,3.2083333333333335,9.333333333333334
SOC,4000,0.996422961500019,5.6e-322,0.0,0.0,9959.330658105906,3.2916666666666665,8.416666666666666
