abi_mode,abi_delay,Totcell,o2_eq,test_eq,Tpos_eq,Tpro_eq,Tneg_eq,TTE_Tpro,TTP_9000
AT_nn,0,1000,0.9573790501064008,0.6906054764343657,989.7210121366456,6331.488418492873,2239.005698047547,inf,9.875
AT_nn,0,2000,0.95467974810322,0.7485172653623965,964.0202346820739,6856.474331427244,1715.9920931383936,inf,8.458333333333334
AT_nn,0,4000,0.9561415889678296,0.7336901115352935,834.5632152529636,6714.856993939221,2000.2881803709365,inf,6.666666666666667
AT_nn,100,1000,0.9573790501064008,0.6906054764343657,989.7210121366456,6331.488418492873,2239.005698047547,inf,9.875
AT_nn,100,2000,0.95467974810322,0.7485172653623965,964.0202346820739,6856.474331427244,1715.9920931383936,inf,8.458333333333334
AT_nn,100,4000,0.9565030480367712,0.7273008811879986,826.0399775438059,6656.331847628314,2070.609081196072,inf,6.666666666666667
AT_nn,200,1000,0.9573790501064008,0.6906054764343657,989.7210121366456,6331.488418492873,2239.005698047547,inf,9.875
AT_nn,200,2000,0.95467974810322,0.7485172653623965,964.0202346820739,6856.474331427244,1715.9920931383936,inf,8.458333333333334
AT_nn,200,4000,0.9573096593443996,0.7130430271130698,807.0660445259296,6525.731392866866,2227.4892402867818,inf,6.666666666666667
