abi_mode,abi_delay,Totcell,o2_eq,test_eq,Tpos_eq,Tpro_eq,Tneg_eq,TTE_Tpro,TTP_9000
AT_nn,0,1000,0.9967587274419698,5.9e-322,0.0,0.0,9927.051527855809,11.875,9.916666666666666
AT_nn,0,2000,0.9537968119556798,0.37773168984032457,4321.0325614567155,3663.9711402244848,1543.051719978257,inf,7.083333333333333
AT_nn,0,4000,0.9537578706042577,0.40337300704176576,4106.46112916149,3885.6773484391333,1535.5948059775226,inf,5.583333333333333
AT_nn,100,1000,0.9967587274419698,5.9e-322,0.0,0.0,9927.051527855809,11.875,9.916666666666666
AT_nn,100,2000,0.9537968119556798,0.37773168984032457,4321.0325614567155,3663.9711402244848,1543.051719978257,inf,7.083333333333333
AT_nn,100,4000,0.9537578706042577,0.40337300704176576,4106.46112916149,3885.6773484391333,1535.5948059775226,inf,5.583333333333333
AT_nn,200,1000,0.9967587274419698,5.9e-322,0.0,0.0,9927.051527855809,11.875,9.916666666666666
AT_nn,200,2000,0.9537968119556798,0.37773168984032457,4321.0325614567155,3663.9711402244848,1543.051719978257,inf,7.083333333333333
AT_nn,200,4000,0.9537578706042577,0.40337300704176576,4106.46112916149,3885.6773484391333,1535.5948059775226,inf,5.583333333333333
