abi_mode,abi_delay,Totcell,o2_eq,test_eq,Tpos_eq,Tpro_eq,Tneg_eq,TTE_Tpro,TTP_9000
AT_nn,0,1000,0.9967587274419698,5.9e-322,0.0,0.0,9927.051527855809,11.875,9.916666666666666
AT_nn,0,2000,0.9668750544233276,0.272050347036398,2928.065594085283,2629.282705214101,4090.418496676077,inf,7.083333333333333
AT_nn,0,4000,0.9696498353901966,0.2651285650206631,2498.3359387845103,2543.530860128954,4631.525472946448,inf,5.583333333333333
AT_nn,100,1000,0.9967587274419698,5.9e-322,0.0,0.0,9927.051527855809,11.875,9.916666666666666
AT_nn,100,2000,0.9668750544233276,0.272050347036398,2928.065594085283,2629.282705214101,4090.418496676077,inf,7.083333333333333
AT_nn,100,4000,0.9696498353901966,0.2651285650206631,2498.3359387845103,2543.530860128954,4631.525472946448,inf,5.583333333333333
AT_nn,200,1000,0.9967587274419698,5.9e-322,0.0,0.0,9927.051527855809,11.875,9.916666666666666
AT_nn,200,2000,0.9668750544233276,0.272050347036398,2928.065594085283,2629.282705214101,4090.418496676077,inf,7.083333333333333
AT_nn,200,4000,0.9696498353901966,0.2651285650206631,2498.3359387845103,2543.530860128954,4631.525472946448,inf,5.583333333333333
