po2,r_Tneg,o2_eq,Tneg_eq
2944.444444444445,0.001,28532.653132306285,25856492.29027551
3166.666666666667,0.001,28520.291544080337,89285374.26298667
3388.888888888889,0.001,28531.360681268397,152713759.25609437
3611.111111111111,0.001,28562.039087774512,216426460.5862145
3833.333333333334,0.001,28544.120200492467,279855847.87051433
4055.555555555556,0.001,28587.106772412983,343280622.348528
4277.777777777777,0.001,28536.277325136718,406713495.6656418
4500.0,0.001,28549.560154951934,470426212.93831015
4500.0,0.00575,43969.880872090085,28710102.46462742
