abi_mode,Totcell,o2_eq,test_eq,Tpos_eq,Tpro_eq,Tneg_eq,TTE_Tpro,TTP_9000
SOC,1000,0.9967589477802572,5.63e-322,0.0,0.0,9927.051517644186,0.7083333333333334,10.25
SOC,2000,0.9967588450592206,5.93e-322,0.0,0.0,9927.051522404829,0.5833333333333334,9.208333333333334
SOC,4000,0.9967586646205144,6e-322,0.0,0.0,9927.051530767283,0.4583333333333333,8.125
