abi_mode,Totcell,o2_eq,test_eq,Tpos_eq,Tpro_eq,Tneg_eq,TTE_Tpro,TTP_9000
SOC,1000,0.996758665785956,4.3e-322,0.0,0.0,9927.051530713275,0.041666666666666664,8.416666666666666
SOC,2000,0.996758665009608,6e-322,0.0,0.0,9927.051530749244,0.041666666666666664,7.333333333333333
SOC,4000,0.9967586633094798,4.94e-322,0.0,0.0,9927.05153082805,0.041666666666666664,6.166666666666667
