cs_lim_testTpro,o2_eq,test_eq,Tpos_eq,Tpro_eq,Tneg_eq
0.0,0.9967586640797592,1.6294820690537806e-36,0.0,-1.4424641091209453e-61,9927.051530792365
0.2,0.9967586640797592,1.6294820690537806e-36,0.0,-1.4424641091209453e-61,9927.051530792365
0.4,0.9967586640797592,2.770684617140067e-37,0.0,3.7542789356229105e-65,9927.051530792369
0.6000000000000001,0.9967586640797592,-3.373515060242739e-39,0.0,-7.48696549139698e-63,9927.051530792365
0.8,0.9967586640797594,5.45102565073937e-44,0.0,8.074854598391876e-66,9927.051530792365
