abi_mode,Totcell,o2_eq,test_eq,Tpos_eq,Tpro_eq,Tneg_eq,TTE_Tpro,TTP_9000
SOC,1000,0.9969495206966656,5.7e-322,0.0,0.0,9908.699890489539,0.4583333333333333,10.25
SOC,2000,0.9969496030694582,4.55e-322,0.0,0.0,9908.69988412483,0.2916666666666667,9.208333333333334
SOC,4000,0.9969495206966036,5.83e-322,0.0,0.0,9908.699890489539,0.16666666666666666,8.125
