delta_Tneg,o2_eq,Tneg_eq
0.00162,0.7781387559830367,345.6632500637381
0.00174,0.8349494792616643,159.5592936957496
0.00179,0.8610005106514514,82.0099122240113
