delta_Tneg,o2_eq,Tneg_eq
0.00162,0.7770199678963001,344.8336522010777
0.00174,0.804892842925231,263.15126049377534
0.00179,0.8150853223399674,227.53234910178932
