abi_mode,abi_delay,Totcell,o2_eq,test_eq,Tpos_eq,Tpro_eq,Tneg_eq,TTE_Tpro,TTP_9000
AT_nn,0,1000,0.9500740650367784,0.7354532466205993,1064.1147145914617,6743.1381831636745,2179.6042516984253,inf,9.458333333333334
AT_nn,0,2000,0.9512631210778416,0.7286782588155827,932.7929603057277,6674.603993885857,2378.4973340428915,inf,7.916666666666667
AT_nn,0,4000,0.9540092315934644,0.696346650341014,783.8765608559138,6373.149417312857,2820.3602472526104,inf,6.0
AT_nn,100,1000,0.9500740650367784,0.7354532466205993,1064.1147145914617,6743.1381831636745,2179.6042516984253,inf,9.458333333333334
AT_nn,100,2000,0.9516627466023628,0.7223885688277256,923.3485851968803,6616.93245495429,2445.2909332676927,inf,7.916666666666667
AT_nn,100,4000,0.9497099498634348,0.7641811282004592,874.1924889099979,6994.207839156119,2118.7777226910875,inf,6.0
AT_nn,200,1000,0.9500740650367784,0.7354532466205993,1064.1147145914617,6743.1381831636745,2179.6042516984253,inf,9.458333333333334
AT_nn,200,2000,0.9524820934817736,0.7094724337498055,903.999235761902,6498.502832834539,2582.4149260484687,inf,7.916666666666667
AT_nn,200,4000,0.9505934884474816,0.7500430544653299,855.2398624067372,6864.696632198383,2266.511394038699,inf,6.0
