abi_mode,abi_delay,Totcell,o2_eq,test_eq,Tpos_eq,Tpro_eq,Tneg_eq,TTE_Tpro,TTP_9000
AT_nn,0,1000,0.9626996307741909,0.2602786452750895,3149.729616928272,2534.0521819283413,4293.753542040579,inf,8.5
AT_nn,0,2000,0.968896828370948,0.23142883742757875,2408.346973891047,2232.374827580661,5332.65655118899,inf,6.916666666666667
AT_nn,0,4000,0.9627396969069736,0.2959633396673693,2835.2562380173076,2841.786439043261,4300.454181003431,inf,5.25
AT_nn,100,1000,0.9626996307741909,0.2602786452750895,3149.729616928272,2534.0521819283413,4293.753542040579,inf,8.5
AT_nn,100,2000,0.968896828370948,0.23142883742757875,2408.346973891047,2232.374827580661,5332.65655118899,inf,6.916666666666667
AT_nn,100,4000,0.9627396969069736,0.2959633396673693,2835.2562380173076,2841.786439043261,4300.454181003431,inf,5.25
AT_nn,200,1000,0.9626996307741909,0.2602786452750895,3149.729616928272,2534.0521819283413,4293.753542040579,inf,8.5
AT_nn,200,2000,0.968896828370948,0.23142883742757875,2408.346973891047,2232.374827580661,5332.65655118899,inf,6.916666666666667
AT_nn,200,4000,0.9641400403411866,0.2847364739490177,2708.372604825966,2732.976942613684,4535.232774364709,inf,5.25
