abi_mode,abi_delay,Totcell,o2_eq,test_eq,Tpos_eq,Tpro_eq,Tneg_eq,TTE_Tpro,TTP_9000
AT_nn,0,1000,0.9541041585603448,0.3192513973625595,4013.997457260437,3116.09209194132,2853.4209671447948,inf,8.5
AT_nn,0,2000,0.9489887714745386,0.3786822067471772,4317.703259816363,3672.489458157034,1997.2332244178976,inf,6.916666666666667
AT_nn,0,4000,0.9494672287438304,0.4003228349376903,4054.4424436338495,3855.248028305316,2077.378229254503,inf,5.25
AT_nn,100,1000,0.9541041585603448,0.3192513973625595,4013.997457260437,3116.09209194132,2853.4209671447948,inf,8.5
AT_nn,100,2000,0.9489887714745386,0.3786822067471772,4317.703259816363,3672.489458157034,1997.2332244178976,inf,6.916666666666667
AT_nn,100,4000,0.9494672287438304,0.4003228349376903,4054.4424436338495,3855.248028305316,2077.378229254503,inf,5.25
AT_nn,200,1000,0.9541041585603448,0.3192513973625595,4013.997457260437,3116.09209194132,2853.4209671447948,inf,8.5
AT_nn,200,2000,0.9489887714745386,0.3786822067471772,4317.703259816363,3672.489458157034,1997.2332244178976,inf,6.916666666666667
AT_nn,200,4000,0.9494672287438304,0.4003228349376903,4054.4424436338495,3855.248028305316,2077.378229254503,inf,5.25
