l_lim_testTpro,o2_eq,test_eq,Tpos_eq,Tpro_eq,Tneg_eq
0.0,0.9967586640797592,5.626593363904724e-34,0.0,4.149651950015278e-48,9927.051530792362
0.2,0.9967586640797592,3.551414878465338e-43,0.0,-1.8160620772319934e-77,9927.051530792365
0.4,0.9967586640797594,-1.7645068327213822e-36,0.0,7.592678007789108e-59,9927.051530792362
0.6000000000000001,0.9967586640797592,-9.023378516299352e-36,0.0,-2.19349193131787e-59,9927.051530792365
0.8,0.9967586640797594,5.45102565073937e-44,0.0,8.074854598391876e-66,9927.051530792365
