o2-Null_test-HE,o2_eq,test_eq,Tpos_eq,Tpro_eq,Tneg_eq
MT-NA,0.9967586654334584,5.9e-322,0.0,0.0,9927.051530729605
AT-NA,0.9967586618658322,6.03e-322,0.0,0.0,9927.051530894936
AT_nn-NA,0.9967586646180856,3.8e-322,0.0,0.0,9927.051530767403
AT-MT,1.0605243531540245,6e-322,0.0,0.0,3794.7471408169604
AT_nn-MT,1.0605243531540245,6e-322,0.0,0.0,3794.7471408169604
AT_nn-AT,0.99675891708914,5.9e-322,0.0,0.0,9927.051519066585
MT-MT,1.0605243287649984,6.03e-322,0.0,0.0,3794.752030747299
MT-AT,0.9967585487849102,5.9e-322,0.0,0.0,9927.051536135692
