o2-Null_test-HE,o2_eq,test_eq,Tpos_eq,Tpro_eq,Tneg_eq
MT-NA,0.9967586654334584,5.9e-322,0.0,0.0,9927.051530729605
AT-NA,0.9967586618658322,6.03e-322,0.0,0.0,9927.051530894936
AT_nn-NA,0.9967586646180856,3.8e-322,0.0,0.0,9927.051530767403
AT-MT,1.0545954719439303,5.4e-322,0.0,0.0,4364.8857343345535
AT_nn-MT,1.05459518727081,5.4e-322,0.0,0.0,4364.899544744422
AT_nn-AT,1.069094400465253,5.9e-322,0.0,0.0,2971.6989639573053
MT-MT,1.0545952787227515,6e-322,0.0,0.0,4364.904054344419
MT-AT,1.069094204573725,6e-322,0.0,0.0,2971.6989639573053
