o2-Null_test-HE,o2_eq,test_eq,Tpos_eq,Tpro_eq,Tneg_eq,TTE_Tpro,TTP_9000
MT-NA,0.9967586654334584,5.9e-322,0.0,0.0,9927.051530729605,5.708333333333333,10.166666666666666
AT-NA,0.9967586618658322,6.03e-322,0.0,0.0,9927.051530894936,5.083333333333333,9.666666666666666
AT_nn-NA,0.9967586646180856,3.8e-322,0.0,0.0,9927.051530767403,46.125,9.666666666666666
AT-MT,1.0545954719439303,5.4e-322,0.0,0.0,4364.8857343345535,18.625,inf
AT_nn-MT,1.05459518727081,5.4e-322,0.0,0.0,4364.899544744422,40.833333333333336,inf
AT_nn-AT,1.069094400465253,5.9e-322,0.0,0.0,2971.6989639573053,44.25,inf
MT-MT,1.0545952787227515,6e-322,0.0,0.0,4364.904054344419,6.958333333333333,inf
MT-AT,1.069094204573725,6e-322,0.0,0.0,2971.6989639573053,6.208333333333333,inf
