o2-Null_test-HE,o2_eq,test_eq,Tpos_eq,Tpro_eq,Tneg_eq
MT-NA,0.9967586654334584,5.9e-322,0.0,0.0,9927.051530729605
AT-NA,0.9967586618658322,6.03e-322,0.0,0.0,9927.051530894936
AT_nn-NA,0.9967586634467036,6.1e-322,0.0,0.0,9927.051530821685
AT-MT,1.0605243531540245,6e-322,0.0,0.0,3794.7471408169604
AT_nn-MT,1.0605243531540245,6e-322,0.0,0.0,3794.7471408169604
AT_nn-AT,1.0799406462383618,4.35e-322,0.0,0.0,1928.7688603530567
MT-MT,1.0605245605750848,5.9e-322,0.0,0.0,3794.727026046448
MT-AT,1.0799410470540625,5.6e-322,0.0,0.0,1928.7688603532001
