o2-Null_test-HE,o2_eq,test_eq,Tpos_eq,Tpro_eq,Tneg_eq,TTE_Tpro,TTP_9000
MT-NA,0.9967586654334584,5.9e-322,0.0,0.0,9927.051530729605,5.708333333333333,10.166666666666666
AT-NA,0.9967585629786138,6.1e-322,0.0,0.0,9927.051535477896,7.25,11.0
AT_nn-NA,0.9758557598973082,0.3776680796723237,431.81958456179086,3457.0037408991334,5841.980002222292,inf,12.375
AT-MT,1.0545955534328173,5.73e-322,0.0,0.0,4364.879306883936,42.125,inf
AT_nn-MT,1.0545952057869168,6.03e-322,0.0,0.0,4364.912520947577,53.916666666666664,inf
AT_nn-AT,1.059668377957335,5.83e-322,0.0,0.0,3877.501425986828,46.416666666666664,inf
MT-MT,1.0545952787227515,6e-322,0.0,0.0,4364.904054344419,6.958333333333333,inf
MT-AT,1.0621375117424698,5.93e-322,0.0,0.0,3640.250311152954,5.708333333333333,inf
