o2-Null_test-HE,o2_eq,test_eq,Tpos_eq,Tpro_eq,Tneg_eq,TTE_Tpro,TTP_9000
MT-NA,0.9967586631267902,6.13e-322,0.0,0.0,9927.051530836505,2.375,7.541666666666667
AT-NA,0.9967588450676028,6.03e-322,0.0,0.0,9927.051522404434,4.375,7.916666666666667
AT_nn-NA,0.9768430353269364,0.18824713485568112,1892.6344269401586,1812.3415644686645,6035.194628122555,inf,7.083333333333333
AT-MT,1.0545955673186016,5.6e-322,0.0,0.0,4364.893167739734,13.583333333333334,inf
AT_nn-MT,1.0545955673186016,5.6e-322,0.0,0.0,4364.893167739734,13.583333333333334,inf
AT_nn-AT,1.0599001319439216,5.43e-322,0.0,0.0,3855.2283469033537,13.666666666666666,inf
MT-MT,1.0545957125168326,5.93e-322,0.0,0.0,4364.864002765671,2.5416666666666665,inf
MT-AT,1.059692896683135,5.9e-322,0.0,0.0,3886.643774737871,2.375,inf
