o2-Null_test-HE,o2_eq,test_eq,Tpos_eq,Tpro_eq,Tneg_eq
MT-NA,0.9967586631267902,6.13e-322,0.0,0.0,9927.051530836505
AT-NA,0.9967588450676028,6.03e-322,0.0,0.0,9927.051522404434
AT_nn-NA,0.9768430353269364,0.18824713485568112,1892.6344269401586,1812.3415644686645,6035.194628122555
AT-MT,1.0605244841081158,6.1e-322,0.0,0.0,3794.740934923948
AT_nn-MT,1.0605244841081158,6.1e-322,0.0,0.0,3794.740934923948
AT_nn-AT,1.062972652972798,6.13e-322,0.0,0.0,3559.511651461745
MT-MT,1.0605243406237668,5.43e-322,0.0,0.0,3794.7481270696558
MT-AT,1.0613844528372112,6.1e-322,0.0,0.0,3712.0778799747964
