o2-Null_test-HE,o2_eq,test_eq,Tpos_eq,Tpro_eq,Tneg_eq
MT-NA,0.9967586631267902,6.13e-322,0.0,0.0,9927.051530836505
AT-NA,0.9967586662936648,6.03e-322,0.0,0.0,9927.051530689741
AT_nn-NA,0.9967586636329396,3.9e-322,0.0,0.0,9927.051530813056
AT-MT,1.0545952378601835,5.3e-322,0.0,0.0,4364.9087996592825
AT_nn-MT,1.0545955673186016,5.6e-322,0.0,0.0,4364.893167739734
AT_nn-AT,1.0690942417404492,4.94e-322,0.0,0.0,2971.6989639573053
MT-MT,1.0545957125168326,5.93e-322,0.0,0.0,4364.864002765671
MT-AT,1.0690943287302084,6e-322,0.0,0.0,2971.6989639573053
