o2-Null_test-HE,o2_eq,test_eq,Tpos_eq,Tpro_eq,Tneg_eq
MT-NA,0.9967586631267902,6.13e-322,0.0,0.0,9927.051530836505
AT-NA,0.9967586662936648,6.03e-322,0.0,0.0,9927.051530689741
AT_nn-NA,0.996758681982206,6.13e-322,0.0,0.0,9927.051529962653
AT-MT,1.060524378087728,5.63e-322,0.0,0.0,3794.7442537515776
AT_nn-MT,1.0605241556397482,4.64e-322,0.0,0.0,3794.726508937854
AT_nn-AT,1.079940798389208,6.1e-322,0.0,0.0,1928.7688603532001
MT-MT,1.0605243406237668,5.43e-322,0.0,0.0,3794.7481270696558
MT-AT,1.0799408018279029,5.93e-322,0.0,0.0,1928.7688603532001
