o2-Null_test-HE,o2_eq,test_eq,Tpos_eq,Tpro_eq,Tneg_eq,TTE_Tpro,TTP_9000
MT-NA,0.9967586631267902,6.13e-322,0.0,0.0,9927.051530836505,2.375,7.541666666666667
AT-NA,0.9967586662936648,6.03e-322,0.0,0.0,9927.051530689741,1.9583333333333333,7.5
AT_nn-NA,0.9967586636329396,3.9e-322,0.0,0.0,9927.051530813056,7.416666666666667,8.333333333333334
AT-MT,1.0545952378601835,5.3e-322,0.0,0.0,4364.9087996592825,2.125,inf
AT_nn-MT,1.0545955673186016,5.6e-322,0.0,0.0,4364.893167739734,13.583333333333334,inf
AT_nn-AT,1.0690942417404492,4.94e-322,0.0,0.0,2971.6989639573053,14.458333333333334,inf
MT-MT,1.0545957125168326,5.93e-322,0.0,0.0,4364.864002765671,2.5416666666666665,inf
MT-AT,1.0690943287302084,6e-322,0.0,0.0,2971.6989639573053,2.5833333333333335,inf
