o2-Null_test-HE,o2_eq,test_eq,Tpos_eq,Tpro_eq,Tneg_eq
MT-NA,0.9967586631267902,6.13e-322,0.0,0.0,9927.051530836505
AT-NA,0.9967586662936648,6.03e-322,0.0,0.0,9927.051530689741
AT_nn-NA,0.996758681982206,6.13e-322,0.0,0.0,9927.051529962653
AT-MT,1.0605242486623299,6.13e-322,0.0,0.0,3794.7401635443434
AT_nn-MT,1.0605241556397482,4.64e-322,0.0,0.0,3794.726508937854
AT_nn-AT,1.079940798389208,6.1e-322,0.0,0.0,1928.7688603532001
MT-MT,1.0605244841081158,6.1e-322,0.0,0.0,3794.740934923948
MT-AT,0.9967585651035212,5.3e-322,0.0,0.0,9927.051535379414
