o2-LE_test-HE,o2_eq,test_eq,Tpos_eq,Tpro_eq,Tneg_eq,TTE_Tpro,TTP_9000
MT-NA,0.996949521582804,5.8e-322,0.0,0.0,9908.69989042105,5.416666666666667,10.0
AT-NA,0.9969496851159548,3.95e-322,0.0,0.0,9908.69987778535,4.958333333333333,9.5
AT_nn-NA,0.9969493185688626,5.93e-322,0.0,0.0,9908.699906107317,15.583333333333334,10.041666666666666
AT-MT,1.0545955549746182,5.93e-322,0.0,0.0,4364.878871592215,17.875,inf
AT_nn-MT,1.054595144107536,6.13e-322,0.0,0.0,4364.9178338766305,22.0,inf
AT_nn-AT,1.06909432995706,6e-322,0.0,0.0,2971.6989639573053,25.541666666666668,inf
MT-MT,1.054595439458437,6.1e-322,0.0,0.0,4364.889294132418,6.666666666666667,inf
MT-AT,1.0690942872299902,5.9e-322,0.0,0.0,2971.6989639573053,5.958333333333333,inf
