o2-LE_test-HE,o2_eq,test_eq,Tpos_eq,Tpro_eq,Tneg_eq
MT-NA,0.996949521582804,5.8e-322,0.0,0.0,9908.69989042105
AT-NA,0.9969496851159548,3.95e-322,0.0,0.0,9908.69987778535
AT_nn-NA,0.9969494794994124,5.9e-322,0.0,0.0,9908.69989367272
AT-MT,1.0605245207034184,6.03e-322,0.0,0.0,3794.7271494395204
AT_nn-MT,1.0605245207034184,6.03e-322,0.0,0.0,3794.7271494395204
AT_nn-AT,1.079940916289917,5.7e-322,0.0,0.0,1928.7688603530567
MT-MT,1.0605244760178991,6.1e-322,0.0,0.0,3794.7424590954774
MT-AT,1.079940632413372,5.24e-322,0.0,0.0,1928.7688603532001
