o2-LE_test-HE,o2_eq,test_eq,Tpos_eq,Tpro_eq,Tneg_eq
MT-NA,0.996949521582804,5.8e-322,0.0,0.0,9908.69989042105
AT-NA,0.9969496851159548,3.95e-322,0.0,0.0,9908.69987778535
AT_nn-NA,0.9969493185688626,5.93e-322,0.0,0.0,9908.699906107317
AT-MT,1.0605245207034184,6.03e-322,0.0,0.0,3794.7271494395204
AT_nn-MT,1.0605245207034184,6.03e-322,0.0,0.0,3794.7271494395204
AT_nn-AT,0.9969492652232288,6e-322,0.0,0.0,9908.699910229163
MT-MT,1.0605245510453536,5.7e-322,0.0,0.0,3794.7330876623655
MT-AT,0.9969497765519912,6.13e-322,0.0,0.0,9908.699870720373
