o2-LE_test-HE,o2_eq,test_eq,Tpos_eq,Tpro_eq,Tneg_eq,TTE_Tpro,TTP_9000
MT-NA,0.9969495309634032,5.53e-322,0.0,0.0,9908.699889696238,2.25,7.5
AT-NA,0.9969493407190352,5.83e-322,0.0,0.0,9908.69990439584,3.9166666666666665,7.791666666666667
AT_nn-NA,0.9788894709454852,0.18075309272185666,1828.8249018727743,1740.8076715610855,6050.521505751977,inf,7.458333333333333
AT-MT,1.0545956504745018,5.83e-322,0.0,0.0,4364.869968768013,10.625,inf
AT_nn-MT,1.0545956504745018,5.83e-322,0.0,0.0,4364.869968768013,10.625,inf
AT_nn-AT,1.0594292548861088,6.13e-322,0.0,0.0,3900.4743587877833,10.0,inf
MT-MT,1.0545951110568712,5.9e-322,0.0,0.0,4364.902713241254,2.375,inf
MT-AT,1.0635299206453204,5.14e-322,0.0,0.0,3506.450393011017,2.25,inf
