o2-LE_test-HE,o2_eq,test_eq,Tpos_eq,Tpro_eq,Tneg_eq,TTE_Tpro,TTP_9000
MT-NA,0.996949521582804,5.8e-322,0.0,0.0,9908.69989042105,5.416666666666667,10.0
AT-NA,0.9969495188369624,6e-322,0.0,0.0,9908.699890633208,7.208333333333333,10.916666666666666
AT_nn-NA,0.977868616976586,0.3662861768532121,418.7879196235613,3352.817901583757,5832.150257318658,inf,11.375
AT-MT,1.0545953205644254,4.8e-322,0.0,0.0,4364.892328242997,41.875,inf
AT_nn-MT,1.0545953681223728,6.1e-322,0.0,0.0,4364.896704158224,52.416666666666664,inf
AT_nn-AT,1.060988156071196,5.9e-322,0.0,0.0,3750.708575069576,44.458333333333336,inf
MT-MT,1.054595439458437,6.1e-322,0.0,0.0,4364.889294132418,6.666666666666667,inf
MT-AT,1.062365948142803,5e-322,0.0,0.0,3618.299806840769,5.416666666666667,inf
