o2-LE_test-HE,o2_eq,test_eq,Tpos_eq,Tpro_eq,Tneg_eq
MT-NA,0.9969495309634032,5.53e-322,0.0,0.0,9908.699889696238
AT-NA,0.9969497028003548,3.9e-322,0.0,0.0,9908.699876418936
AT_nn-NA,0.9969497748871089,6.13e-322,0.0,0.0,9908.699870849008
AT-MT,1.0605244103037017,5.5e-322,0.0,0.0,3794.7480503430247
AT_nn-MT,1.0605246652118754,6.13e-322,0.0,0.0,3794.7235290064036
AT_nn-AT,1.07994098327335,5.9e-322,0.0,0.0,1928.7688603532001
MT-MT,1.0605245299010768,5.4e-322,0.0,0.0,3794.753093888869
MT-AT,1.07994080218976,5.8e-322,0.0,0.0,1928.7688603530567
