o2-LE_test-HE,o2_eq,test_eq,Tpos_eq,Tpro_eq,Tneg_eq
MT-NA,0.9969495309634032,5.53e-322,0.0,0.0,9908.699889696238
AT-NA,0.9969497028003548,3.9e-322,0.0,0.0,9908.699876418936
AT_nn-NA,0.9969495113186626,6e-322,0.0,0.0,9908.699891214117
AT-MT,1.0545953199209706,5.9e-322,0.0,0.0,4364.901433616609
AT_nn-MT,1.0545956504745018,5.83e-322,0.0,0.0,4364.869968768013
AT_nn-AT,1.0690945695001048,6.03e-322,0.0,0.0,2971.6989639573053
MT-MT,1.0545951110568712,5.9e-322,0.0,0.0,4364.902713241254
MT-AT,1.069094606873277,6e-322,0.0,0.0,2971.6989639573053
