o2-Null_test-LE,o2_eq,test_eq,Tpos_eq,Tpro_eq,Tneg_eq
MT-NA,0.9967584996572592,5.9e-322,0.0,0.0,9927.051538412528
AT-NA,0.9967586661860841,6.13e-322,0.0,0.0,9927.051530694727
AT_nn-NA,0.9967586661860841,6.13e-322,0.0,0.0,9927.051530694727
AT-MT,1.0605245320438466,6e-322,0.0,0.0,3794.730022989797
AT_nn-MT,1.0605245320438466,6e-322,0.0,0.0,3794.730022989797
AT_nn-AT,1.0799407843809443,5.9e-322,0.0,0.0,1928.7688603530567
MT-MT,1.0605249013811422,5.93e-322,0.0,0.0,3794.735039710086
MT-AT,0.9967586591911359,4e-322,0.0,0.0,9927.051531018917
