o2-Null_test-LE,o2_eq,test_eq,Tpos_eq,Tpro_eq,Tneg_eq
MT-NA,0.9967584996572592,5.9e-322,0.0,0.0,9927.051538412528
AT-NA,0.9967586661860841,6.13e-322,0.0,0.0,9927.051530694727
AT_nn-NA,0.9967586661860841,6.13e-322,0.0,0.0,9927.051530694727
AT-MT,1.054595452050597,5.63e-322,0.0,0.0,4364.889011621413
AT_nn-MT,1.054595452050597,5.63e-322,0.0,0.0,4364.889011621413
AT_nn-AT,1.06909450872144,6e-322,0.0,0.0,2971.6989639573053
MT-MT,1.0545954281333554,5.3e-322,0.0,0.0,4364.890418967152
MT-AT,1.0690943303076956,6e-322,0.0,0.0,2971.6989639573053
