o2-Null_test-LE,o2_eq,test_eq,Tpos_eq,Tpro_eq,Tneg_eq,TTE_Tpro,TTP_9000
MT-NA,0.9967584996572592,5.9e-322,0.0,0.0,9927.051538412528,3.0833333333333335,9.541666666666666
AT-NA,0.9967586661860841,6.13e-322,0.0,0.0,9927.051530694727,3.1666666666666665,9.25
AT_nn-NA,0.9967586661860841,6.13e-322,0.0,0.0,9927.051530694727,3.1666666666666665,9.25
AT-MT,1.054595452050597,5.63e-322,0.0,0.0,4364.889011621413,3.8333333333333335,inf
AT_nn-MT,1.054595452050597,5.63e-322,0.0,0.0,4364.889011621413,3.8333333333333335,inf
AT_nn-AT,1.06909450872144,6e-322,0.0,0.0,2971.6989639573053,3.7083333333333335,inf
MT-MT,1.0545954281333554,5.3e-322,0.0,0.0,4364.890418967152,3.4583333333333335,inf
MT-AT,1.0690943303076956,6e-322,0.0,0.0,2971.6989639573053,3.2916666666666665,inf
