o2-Null_test-LE,o2_eq,test_eq,Tpos_eq,Tpro_eq,Tneg_eq
MT-NA,0.9967584996572592,5.9e-322,0.0,0.0,9927.051538412528
AT-NA,0.9967586646990793,5.93e-322,0.0,0.0,9927.051530763652
AT_nn-NA,0.9762846293720976,0.3698440576874758,423.66425663381034,3385.435345154973,5925.69382651976
AT-MT,1.0545954154985089,5.9e-322,0.0,0.0,4364.878300463554
AT_nn-MT,1.0545954154985089,5.9e-322,0.0,0.0,4364.878300463554
AT_nn-AT,1.0620435748541759,4.2e-322,0.0,0.0,3649.276628752019
MT-MT,1.0545954281333554,5.3e-322,0.0,0.0,4364.890418967152
MT-AT,1.0625423461298058,4.6e-322,0.0,0.0,3601.349559279733
