abi_mode,abi_delay,Totcell,o2_eq,test_eq,Tpos_eq,Tpro_eq,Tneg_eq,TTE_Tpro,TTP_9000
AT_nn,0,1000,0.966105745960348,0.4860616824692001,656.1627862873927,4454.413315280755,4864.622809366396,inf,10.208333333333334
AT_nn,0,2000,0.9642337334235899,0.5232805158707353,634.1287545291423,4791.6120845537325,4550.671782719776,inf,11.541666666666666
AT_nn,0,4000,0.9662745142186092,0.4975785175376514,529.7802351780838,4552.412792834818,4892.889199540095,inf,8.958333333333334
AT_nn,100,1000,0.966105745960348,0.4860616824692001,656.1627862873927,4454.413315280755,4864.622809366396,inf,10.208333333333334
AT_nn,100,2000,0.9665043774771624,0.4871467399421833,583.0377459218339,4460.398632200009,4931.502924142394,inf,8.458333333333334
AT_nn,100,4000,0.9612173959146778,0.579224318093697,633.2148528248622,5300.150653163489,4045.0815180983773,inf,6.458333333333333
AT_nn,200,1000,0.966105745960348,0.4860616824692001,656.1627862873927,4454.413315280755,4864.622809366396,inf,10.208333333333334
AT_nn,200,2000,0.967738133265298,0.4674871075430122,555.5133681343757,4280.203227600906,5138.4428878515755,inf,8.458333333333334
AT_nn,200,4000,0.9634293487147748,0.543553283143573,587.6909291116102,4973.452037978053,4415.800593640315,inf,6.458333333333333
