abi_mode,abi_delay,Totcell,o2_eq,test_eq,Tpos_eq,Tpro_eq,Tneg_eq,TTE_Tpro,TTP_9000
AT_nn,0,1000,0.9512783073495528,0.7165653252613694,1034.976330591382,6569.910930045719,2380.9867711827696,inf,10.208333333333334
AT_nn,0,2000,0.9520787005752732,0.7155837969528173,915.68962055879,6554.6730921441085,2514.875613285073,inf,8.458333333333334
AT_nn,0,4000,0.950580301785844,0.7500156848428386,857.5805993490269,6864.571754492132,2264.3061693119275,inf,6.458333333333333
AT_nn,100,1000,0.9512783073495528,0.7165653252613694,1034.976330591382,6569.910930045719,2380.9867711827696,inf,10.208333333333334
AT_nn,100,2000,0.9520787005752732,0.7155837969528173,915.68962055879,6554.6730921441085,2514.875613285073,inf,8.458333333333334
AT_nn,100,4000,0.9510828506067956,0.7419735537191879,846.7976589944109,6790.901214297064,2348.349075312084,inf,6.458333333333333
AT_nn,200,1000,0.9512783073495528,0.7165653252613694,1034.976330591382,6569.910930045719,2380.9867711827696,inf,10.208333333333334
AT_nn,200,2000,0.9520787005752732,0.7155837969528173,915.68962055879,6554.6730921441085,2514.875613285073,inf,8.458333333333334
AT_nn,200,4000,0.9514134793245226,0.7366782161863218,839.7088181815888,6742.393143677978,2403.677593337167,inf,6.458333333333333
