abi_mode,abi_delay,Totcell,o2_eq,test_eq,Tpos_eq,Tpro_eq,Tneg_eq,TTE_Tpro,TTP_9000
AT_nn,0,1000,0.9964229608113924,6e-322,0.0,0.0,9959.330658105906,3.0416666666666665,8.5
AT_nn,0,2000,0.9964229621122048,4.25e-322,0.0,0.0,9959.330658105906,3.1666666666666665,7.5
AT_nn,0,4000,0.9964229604734842,6e-322,0.0,0.0,9959.330658105906,3.4166666666666665,6.541666666666667
AT_nn,100,1000,0.9964229608113924,6e-322,0.0,0.0,9959.330658105906,3.0416666666666665,8.5
AT_nn,100,2000,0.9964229621122048,4.25e-322,0.0,0.0,9959.330658105906,3.1666666666666665,7.5
AT_nn,100,4000,0.9964229604734842,6e-322,0.0,0.0,9959.330658105906,3.4166666666666665,6.541666666666667
AT_nn,200,1000,0.9964229608113924,6e-322,0.0,0.0,9959.330658105906,3.0416666666666665,8.5
AT_nn,200,2000,0.9964229621122048,4.25e-322,0.0,0.0,9959.330658105906,3.1666666666666665,7.5
AT_nn,200,4000,0.9964229604734842,6e-322,0.0,0.0,9959.330658105906,3.4166666666666665,6.541666666666667
