u_lim_testTpro,o2_eq,test_eq,Tpos_eq,Tpro_eq,Tneg_eq
0.1,0.9470282660023436,1.0161152045987338,0.0,9237.509679392137,230.8026492806173
0.30000000000000004,0.9478998506087498,0.9983621362286343,0.0,9076.185766024859,399.8420514902533
0.5000000000000001,0.9967586640797592,-3.4272876795963376e-32,0.0,2.967127107274306e-66,9927.051530792362
0.7000000000000001,0.9967586640797592,3.398939291754083e-27,0.0,1.69503981906766e-36,9927.051530792365
0.9000000000000001,0.9967586640797595,-7.557121021969182e-40,0.0,-3.4628428438335475e-69,9927.051530792365
