u_lim_testTpro,o2_eq,test_eq,Tpos_eq,Tpro_eq,Tneg_eq
0.1,0.9468183062650896,1.0203913491711458,0.0,9276.366849021288,190.0895943141254
0.30000000000000004,0.9468545913162478,1.0196523624823208,0.0,9269.651720831722,197.1253800383619
0.5000000000000001,0.947572343008904,1.005033398277449,0.0,9136.808779694404,336.3177327827625
0.7000000000000001,0.9967586640797584,4.737104588426143e-28,0.0,-4.145049704655213e-57,9927.051530792429
0.9000000000000001,0.99675866407989,1.511435847021697e-29,0.0,-4.5219472532657214e-67,9927.051530779856
