u_lim_testTpro,o2_eq,test_eq,Tpos_eq,Tpro_eq,Tneg_eq
0.1,0.9967586640797594,1.3941488720726934e-37,0.0,-1.0947357135461128e-75,9927.051530792365
0.30000000000000004,0.9967586640797594,1.3941488720726934e-37,0.0,-1.0947357135461128e-75,9927.051530792365
0.5000000000000001,0.9967586640797594,1.3941488720726934e-37,0.0,-1.0947357135461128e-75,9927.051530792365
0.7000000000000001,0.9967586640797592,-1.6410201742059848e-36,0.0,1.7868608440677148e-58,9927.051530792362
0.9000000000000001,0.9967586640797592,-5.81123102650807e-37,0.0,-1.4160743092036627e-61,9927.051530792365
