u_lim_testTpro,o2_eq,test_eq,Tpos_eq,Tpro_eq,Tneg_eq
0.1,0.9580908307229304,0.7905793694846744,0.0,7187.7861368726635,2379.654461489067
0.30000000000000004,0.9967586640797429,1.5094790836988707e-30,0.0,1.2159828786663333e-45,9927.05153079393
0.5000000000000001,0.9967586640797592,2.539904823342511e-41,0.0,-5.347225004066258e-78,9927.051530792365
0.7000000000000001,0.9967586640797584,9.995641352484175e-32,0.0,-7.48143654040741e-64,9927.051530792465
0.9000000000000001,0.9967586640797592,3.293776806464765e-32,0.0,1.0849325919587874e-63,9927.051530792365
