u_lim_testTpro,o2_eq,test_eq,Tpos_eq,Tpro_eq,Tneg_eq
0.1,0.9967586640797592,1.6294820690537806e-36,0.0,-1.4424641091209453e-61,9927.051530792365
0.30000000000000004,0.9967586640797592,1.6294820690537806e-36,0.0,-1.4424641091209453e-61,9927.051530792365
0.5000000000000001,0.9967586640797592,1.6294820690537806e-36,0.0,-1.4424641091209453e-61,9927.051530792365
0.7000000000000001,0.9967586640797592,3.6973383827352466e-40,0.0,2.4886808615263544e-68,9927.051530792365
0.9000000000000001,0.9967586640797595,-2.6545253217139747e-31,0.0,3.790734433006312e-61,9927.05153079235
