o2-HE_test-HE,o2_eq,test_eq,Tpos_eq,Tpro_eq,Tneg_eq
MT-NA,0.9964229616463928,6e-322,0.0,0.0,9959.330658105906
AT-NA,0.996422922195254,6.13e-322,0.0,0.0,9959.330658105906
AT_nn-NA,0.9964229518083364,4.7e-322,0.0,0.0,9959.330658105906
AT-MT,1.0605243329438199,6.03e-322,0.0,0.0,3794.7490724539252
AT_nn-MT,1.0605245537769723,5.6e-322,0.0,0.0,3794.726889704545
AT_nn-AT,0.9964228966522912,4.45e-322,0.0,0.0,9959.330658105906
MT-MT,1.060524116485027,5.3e-322,0.0,0.0,3794.7484693213014
MT-AT,0.9964229606655072,5.93e-322,0.0,0.0,9959.330658105906
