o2-HE_test-HE,o2_eq,test_eq,Tpos_eq,Tpro_eq,Tneg_eq
MT-NA,0.9964229616463928,6e-322,0.0,0.0,9959.330658105906
AT-NA,0.996422922195254,6.13e-322,0.0,0.0,9959.330658105906
AT_nn-NA,0.9964227354769056,6.1e-322,0.0,0.0,9959.330658105906
AT-MT,1.0605243329438199,6.03e-322,0.0,0.0,3794.7490724539252
AT_nn-MT,1.0605245234655154,5.9e-322,0.0,0.0,3794.729984458938
AT_nn-AT,1.0799408031894835,6e-322,0.0,0.0,1928.7688603530567
MT-MT,1.0605246882099546,5.43e-322,0.0,0.0,3794.715542477017
MT-AT,1.0799408046834107,5.7e-322,0.0,0.0,1928.7688603532001
