o2-HE_test-HE,o2_eq,test_eq,Tpos_eq,Tpro_eq,Tneg_eq
MT-NA,0.9964229616463928,6e-322,0.0,0.0,9959.330658105906
AT-NA,0.996422922195254,6.13e-322,0.0,0.0,9959.330658105906
AT_nn-NA,0.9964229518083364,4.7e-322,0.0,0.0,9959.330658105906
AT-MT,1.0545955043725936,5.7e-322,0.0,0.0,4364.883987422822
AT_nn-MT,1.0545950229531855,5.3e-322,0.0,0.0,4364.912868589648
AT_nn-AT,1.0690943293278556,4.7e-322,0.0,0.0,2971.6989639573053
MT-MT,1.0545953192593236,6e-322,0.0,0.0,4364.901445339263
MT-AT,1.0690943497927308,6.03e-322,0.0,0.0,2971.6989639573053
