o2-HE_test-HE,o2_eq,test_eq,Tpos_eq,Tpro_eq,Tneg_eq
MT-NA,0.9964229595981872,5.9e-322,0.0,0.0,9959.330658105906
AT-NA,0.9964229605380468,6.1e-322,0.0,0.0,9959.330658105906
AT_nn-NA,0.9748524855371504,0.18543876659501152,1852.325480346749,1784.6736177560867,6333.1103971521325
AT-MT,1.054595453863854,5.2e-322,0.0,0.0,4364.90054735907
AT_nn-MT,1.054595453863854,5.2e-322,0.0,0.0,4364.90054735907
AT_nn-AT,1.0629197706377196,6.13e-322,0.0,0.0,3565.0820478897003
MT-MT,1.0545953959149204,5.43e-322,0.0,0.0,4364.892739645245
MT-AT,1.0630553891120542,6.03e-322,0.0,0.0,3562.9185506642907
