o2-HE_test-HE,o2_eq,test_eq,Tpos_eq,Tpro_eq,Tneg_eq,TTE_Tpro,TTP_9000
MT-NA,0.9964229616463928,6e-322,0.0,0.0,9959.330658105906,5.833333333333333,10.208333333333334
AT-NA,0.996422880917472,6.13e-322,0.0,0.0,9959.330658105906,7.25,11.041666666666666
AT_nn-NA,0.972982986944578,0.3837749548828469,439.41644985035464,3512.950167430158,6018.629174166193,inf,12.208333333333334
AT-MT,1.0545954633840893,5.93e-322,0.0,0.0,4364.887802756552,42.333333333333336,inf
AT_nn-MT,1.0545953939806374,6e-322,0.0,0.0,4364.893680173797,54.458333333333336,inf
AT_nn-AT,1.0615761551934757,5.9e-322,0.0,0.0,3694.183416115417,47.125,inf
MT-MT,1.0545953192593236,6e-322,0.0,0.0,4364.901445339263,7.083333333333333,inf
MT-AT,1.0623209787985628,5.63e-322,0.0,0.0,3622.6208557610353,5.833333333333333,inf
