o2-HE_test-HE,o2_eq,test_eq,Tpos_eq,Tpro_eq,Tneg_eq,TTE_Tpro,TTP_9000
MT-NA,0.9964229595981872,5.9e-322,0.0,0.0,9959.330658105906,2.4166666666666665,7.583333333333333
AT-NA,0.9964229594420432,5.4e-322,0.0,0.0,9959.330658105906,1.875,7.5
AT_nn-NA,0.9964229601682476,6.03e-322,0.0,0.0,9959.330658105906,6.958333333333333,8.166666666666666
AT-MT,1.0545953122971852,5.73e-322,0.0,0.0,4364.901659130498,2.0,inf
AT_nn-MT,1.054595453863854,5.2e-322,0.0,0.0,4364.90054735907,15.083333333333334,inf
AT_nn-AT,1.0690943328054523,3.3e-322,0.0,0.0,2971.6989639573053,16.041666666666668,inf
MT-MT,1.0545953959149204,5.43e-322,0.0,0.0,4364.892739645245,2.5833333333333335,inf
MT-AT,1.069094325486208,3.2e-322,0.0,0.0,2971.6989639573053,2.625,inf
