o2-HE_test-HE,o2_eq,test_eq,Tpos_eq,Tpro_eq,Tneg_eq
MT-NA,0.9964229595981872,5.9e-322,0.0,0.0,9959.330658105906
AT-NA,0.9964229594420432,5.4e-322,0.0,0.0,9959.330658105906
AT_nn-NA,0.996422960802924,5.24e-322,0.0,0.0,9959.330658105906
AT-MT,1.0605247202781825,6.1e-322,0.0,0.0,3794.7397129976575
AT_nn-MT,1.0605244266946248,6.13e-322,0.0,0.0,3794.742241831773
AT_nn-AT,1.0799408058726834,5.43e-322,0.0,0.0,1928.7688603532001
MT-MT,1.0605246407319326,5.9e-322,0.0,0.0,3794.7192958945984
MT-AT,1.0799406449855198,6.13e-322,0.0,0.0,1928.7688603532001
