o2-HE_test-HE,o2_eq,test_eq,Tpos_eq,Tpro_eq,Tneg_eq
MT-NA,0.9964229595981872,5.9e-322,0.0,0.0,9959.330658105906
AT-NA,0.9964229594420432,5.4e-322,0.0,0.0,9959.330658105906
AT_nn-NA,0.9964229601682476,6.03e-322,0.0,0.0,9959.330658105906
AT-MT,1.0545953122971852,5.73e-322,0.0,0.0,4364.901659130498
AT_nn-MT,1.054595453863854,5.2e-322,0.0,0.0,4364.90054735907
AT_nn-AT,1.0690943328054523,3.3e-322,0.0,0.0,2971.6989639573053
MT-MT,1.0545953959149204,5.43e-322,0.0,0.0,4364.892739645245
MT-AT,1.069094325486208,3.2e-322,0.0,0.0,2971.6989639573053
